log_id,video_name,codec,fps,video_length,resolution,is_cached,start_up_delay,encode_time,slice_time,avg_buffer_level,avg_throughput_mbps,drop_rate,decoded_frames,dropped_frames,status,error
20260511_031642_bc8c1f46,Beauty_3840x2160_120fps_420_8bit_HEVC_RAW,libx264,24,24,3840x2160,FALSE,75499.6,73652.696,273.105,10.089489,89.21623689,0.005217391,575,3,backend_finished,
20260511_031824_6fabbbc4,Beauty_3840x2160_120fps_420_8bit_HEVC_RAW,libx264,30,24,3840x2160,FALSE,87802.3,86239.655,316.349,10.20346375,89.87347464,0.001388889,720,1,backend_finished,
20260511_032019_a35b6ce7,Beauty_3840x2160_120fps_420_8bit_HEVC_RAW,libx264,60,24,3840x2160,FALSE,159823.3,158167.132,548.514,9.793260167,88.01076764,0.004166667,1440,6,backend_finished,
20260511_032326_7945612f,Beauty_3840x2160_120fps_420_8bit_HEVC_RAW,libx265,24,24,3840x2160,FALSE,194805.7,193336.972,568.074,11.56781458,83.2880881,0,578,0,backend_finished,
20260511_032708_654a4930,Beauty_3840x2160_120fps_420_8bit_HEVC_RAW,libx265,30,24,3840x2160,FALSE,214180.2,212919.112,411.652,11.32750475,83.32518648,0,720,0,backend_finished,
20260511_034454_a4535476,Bosphorus_3840x2160_120fps_420_8bit_HEVC_RAW,libx264,24,24,3840x2160,FALSE,189845.1,186373.465,724.241,11.59892042,71.30306857,0.057291667,576,33,backend_finished,
20260511_041927_24ae82ee,game1,libx264,24,34.166,1952x1048,FALSE,42650.3,39606.965,1154.51,14.68443429,54.38415881,0.05006105,819,41,backend_finished,
20260511_042047_2d6ea63b,game1,libx264,30,34.166,1952x1048,FALSE,49535.8,46807.266,1114.575,15.15828359,50.10566517,0.05165692,1026,53,backend_finished,
20260511_042214_41be1f0f,game1,libx264,60,34.166,1952x1048,FALSE,76931.5,74094.25,1351.661,15.13856782,45.14394302,0.177875244,2052,365,backend_finished,
20260511_051201_23b499e7,Jockey_3840x2160_120fps_420_8bit_HEVC_RAW,libx264,24,24,3840x2160,FALSE,205656.2,200087.657,2285.069,9.846550167,30.9545216,0.005208333,576,3,backend_finished,
20260511_052000_40707f74,Jockey_3840x2160_120fps_420_8bit_HEVC_RAW,libx264,60,24,3840x2160,FALSE,220699.5,218576.966,694.827,10.41775542,70.9532398,0.003472222,1440,5,backend_finished,
20260511_052959_e6dac3b6,Jockey_3840x2160_120fps_420_8bit_HEVC_RAW,libvpx-vp9,24,24,3840x2160,FALSE,260829.3,257694.414,298.487,0.016001,50.23540116,0,59,0,backend_finished,
20260511_053459_a8cba580,Jockey_3840x2160_120fps_420_8bit_HEVC_RAW,libvpx-vp9,30,24,3840x2160,FALSE,293368.7,291978.934,275.229,11.27769417,49.23110393,0.0375,720,27,backend_finished,
20260511_054143_fdde291f,ReadySetGo_3840x2160_120fps_420_8bit_HEVC_RAW,libx264,24,24,3840x2160,FALSE,113738.7,110746.353,732.135,11.0034195,60.46988229,0.066317627,573,38,backend_finished,
20260511_054404_7abd39e5,ReadySetGo_3840x2160_120fps_420_8bit_HEVC_RAW,libx264,30,24,3840x2160,FALSE,130229,126708.99,714.705,11.52171508,67.06847855,0.076388889,720,55,backend_finished,
20260511_054641_e6e9be1c,ReadySetGo_3840x2160_120fps_420_8bit_HEVC_RAW,libx264,60,24,3840x2160,FALSE,195833.2,193477.816,648.945,10.5825835,69.64833761,0.179166667,1440,258,backend_finished,
20260511_061240_182bd61c,nature,libx264,30,60.458,1080x1920,FALSE,112214.5,102476.137,1207.696,19.51646693,53.12778438,0.020971302,1812,38,backend_finished,
20260511_061529_57f3894d,nature,libx264,60,60.458,1080x1920,FALSE,172057.1,168643.43,1382.792,19.90672573,37.63427282,0.163355408,3624,592,backend_finished,
20260511_063620_4cb29fd7,sea,libx264,30,35.519,2560x1440,FALSE,123637.4,120142.884,692.972,14.79776456,61.09551383,0.028248588,1062,30,backend_finished,
20260511_064650_9d010ca0,sea,libx265,30,35.519,2560x1440,FALSE,201552.1,199644.244,458.844,16.31474261,79.8147513,0.046860356,1067,50,backend_finished,
20260511_070406_e6345a24,ShakeNDry_3840x2160_120fps_420_8bit_HEVC_RAW,libx264,24,12,3840x2160,FALSE,97490.7,93341.47,773.231,6.574252667,65.89134211,0.062937063,286,18,backend_finished,
20260511_070559_c93ebc0c,ShakeNDry_3840x2160_120fps_420_8bit_HEVC_RAW,libx264,30,12,3840x2160,FALSE,109087.5,104626.31,1280.527,5.9776405,68.1451343,0.083333333,360,30,backend_finished,
20260511_072530_140fac82,sport,libx264,24,72.447,1920x1080,FALSE,118114.5,114759.213,1470.252,19.10113089,60.27271366,0,1736,0,backend_finished,
20260511_075725_d28aa502,street1,libx264,24,75.84,1920x1080,FALSE,130449.9,127649.137,1167.172,19.83749474,23.59027559,0.021990104,1819,40,backend_finished,
20260511_080055_3cc9ecc0,street1,libx264,30,75.84,1920x1080,FALSE,141885.7,139857.669,963.919,20.06537621,45.43102207,0.013650374,2271,31,backend_finished,
20260511_195231_458cb26b,Bosphorus_3840x2160_120fps_420_8bit_HEVC_RAW,libx265,24,24,3840x2160,FALSE,109642.2,107706.321,509.807,11.52897783,79.85656421,0.003460208,578,2,backend_finished,
20260511_195448_e665c57f,Bosphorus_3840x2160_120fps_420_8bit_HEVC_RAW,libvpx-vp9,60,24,3840x2160,FALSE,621511.7,620597.912,325.051,11.15808875,42.0402891,0.182705718,1434,262,backend_finished,
20260511_200641_999dba96,game1,libx265,30,34.166,1952x1048,FALSE,30770.6,29519.434,591.144,16.87603124,36.92607109,0.035087719,1026,36,backend_finished,
20260511_200750_55932563,game1,libvpx-vp9,30,34.166,1952x1048,FALSE,174243.7,173200.591,297.441,16.11188388,30.95123471,0.007797271,1026,8,backend_finished,
20260511_201121_39db0276,HoneyBee_3840x2160_120fps_420_8bit_HEVC_RAW,libvpx-vp9,24,24,3840x2160,FALSE,312922.5,311663.274,527.228,11.27006217,46.46488643,0.032986111,576,19,backend_finished,
20260511_201702_5f0eb857,Jockey_3840x2160_120fps_420_8bit_HEVC_RAW,libx264,30,24,3840x2160,FALSE,97360,95534.419,280.052,11.343108,105.4057081,0.05,720,36,backend_finished,
20260511_201906_403003c8,ReadySetGo_3840x2160_120fps_420_8bit_HEVC_RAW,libx265,24,24,3840x2160,FALSE,154868.9,153255.121,410.208,11.70343275,93.31822946,0.051903114,578,30,backend_finished,
20260511_202208_4198ffee,ReadySetGo_3840x2160_120fps_420_8bit_HEVC_RAW,libvpx-vp9,30,24,3840x2160,FALSE,391005,389795.993,540.887,11.256053,23.8431464,0.041666667,720,30,backend_finished,
20260511_202906_051722a4,nature,libx264,24,60.458,1080x1920,FALSE,57811.9,55839.625,409.438,19.3630185,44.46273937,0.038035961,1446,55,backend_finished,
20260511_210107_36806ccb,nature,libvpx-vp9,30,60.458,1080x1920,FALSE,581654.4,579670.262,498.87,22.30749517,14.6604872,0.103752759,1812,188,backend_finished,
20260511_211153_175d7b81,sea,libx264,24,35.519,2560x1440,FALSE,77501.7,75926.701,552.365,14.61888718,90.98411865,0,852,0,backend_finished,
20260511_211349_2362c626,ShakeNDry_3840x2160_120fps_420_8bit_HEVC_RAW,libx265,30,12,3840x2160,FALSE,127154.5,125592.042,452.829,5.1954335,37.01409967,0,360,0,backend_finished,
20260511_211611_8bf45b25,sport,libx264,30,72.447,1920x1080,FALSE,112994.3,111024.373,1082.309,22.3258225,52.80531017,0,2169,0,backend_finished,
20260511_211920_c0b9f7ee,sport,libx265,60,72.447,1920x1080,FALSE,350479.1,348265.179,1148.297,22.95198547,43.1179922,0.162753223,4344,707,backend_finished,
20260511_212626_e37c3c0e,street1,libx265,60,75.84,1920x1080,FALSE,339174.8,337232.767,1157.35,23.12244455,30.62896874,0.066842568,4548,304,backend_finished,
20260511_213325_cd63f8c8,street1,libvpx-vp9,30,75.84,1920x1080,FALSE,931585.2,930089.227,645.021,23.35680618,13.56875117,0.072119613,2274,164,backend_finished,
20260511_215016_4d431f09,street1,libvpx-vp9,60,75.84,1920x1080,FALSE,1557586.2,1554601.693,581.125,23.00177458,21.189587,0.149713782,4542,680,backend_finished,
20260511_221733_e05a0856,street2,libx265,24,68.522,3626x1994,FALSE,566679.7,564095.826,1383.948,21.96752462,58.63068623,0.012158055,1645,20,backend_finished,
20260511_222812_cb09f6f5,street2,libx265,30,68.522,3626x1994,FALSE,616158.7,614259.357,969.585,22.11014409,51.38540117,0.028210117,2056,58,backend_finished,
20260511_223940_79f12bf0,street2,libx265,60,68.522,3626x1994,FALSE,787536.4,785742.202,854.255,21.55294009,51.78498685,0,4108,0,backend_finished,
20260511_225400_94b963d0,street2,libvpx-vp9,24,68.522,3626x1994,FALSE,926756.8,925500.036,527.574,22.10260888,18.60319138,0.000608273,1644,1,backend_finished,
20260511_231038_751e6dff,street2,libvpx-vp9,30,68.522,3626x1994,FALSE,1216084.8,1214518.259,689.628,22.84675265,17.97402236,0.051581509,2055,106,backend_finished,
20260511_233207_8606c53a,street2,libvpx-vp9,60,68.522,3626x1994,FALSE,1843194.3,1841639.394,556.566,22.71212521,27.09871433,0.157407407,4104,646,backend_finished,
20260512_000402_501ffc2f,YachtRide_3840x2160_120fps_420_8bit_HEVC_RAW,libx264,24,24,3840x2160,FALSE,118899.6,117487.606,367.438,9.702690417,87.47804401,0.0625,576,36,backend_finished,
20260512_000628_32390fab,YachtRide_3840x2160_120fps_420_8bit_HEVC_RAW,libx264,30,24,3840x2160,FALSE,118598,116843.705,488.168,9.795620333,91.0489857,0.066666667,720,48,backend_finished,
20260512_000854_7db1ccfd,YachtRide_3840x2160_120fps_420_8bit_HEVC_RAW,libx264,60,24,3840x2160,FALSE,186949.3,185563.439,422.165,8.554073083,72.54100164,0.177777778,1440,256,backend_finished,
20260512_001228_0de7a99a,YachtRide_3840x2160_120fps_420_8bit_HEVC_RAW,libx265,24,24,3840x2160,FALSE,247818.8,246102.655,596.938,10.76317183,55.34050048,0.038062284,578,22,backend_finished,
20260512_001703_e40a4c8c,YachtRide_3840x2160_120fps_420_8bit_HEVC_RAW,libx265,30,24,3840x2160,FALSE,311885.2,309669.605,1469.4,10.31331817,61.64405185,0.047222222,720,34,backend_finished,
20260512_002242_7c6e5216,YachtRide_3840x2160_120fps_420_8bit_HEVC_RAW,libx265,60,24,3840x2160,FALSE,398092.1,396389.286,790.768,10.713949,73.65242184,0.182638889,1440,263,backend_finished,
20260512_002947_c1b535f6,YachtRide_3840x2160_120fps_420_8bit_HEVC_RAW,libvpx-vp9,24,24,3840x2160,FALSE,464666.6,463370.929,700.484,11.16432342,29.34311779,0.032986111,576,19,backend_finished,
20260512_003759_87f81e31,YachtRide_3840x2160_120fps_420_8bit_HEVC_RAW,libvpx-vp9,30,24,3840x2160,FALSE,499149,498214.781,213.868,11.27356842,28.85917976,0.058333333,720,42,backend_finished,
20260512_004646_96cb4d6a,YachtRide_3840x2160_120fps_420_8bit_HEVC_RAW,libvpx-vp9,60,24,3840x2160,FALSE,892673,891663.318,434.878,11.17116858,44.76641965,0.177126918,1434,254,backend_finished,
20260512_201045_4298a6d3,Beauty_3840x2160_120fps_420_8bit_HEVC_RAW,libx265,60,24,3840x2160,FALSE,448617.3,428677.497,1177.702,7.683289474,295.7019162,0.004861111,1440,7,backend_finished,
20260512_203249_f4e15c8a,Beauty_3840x2160_120fps_420_8bit_HEVC_RAW,libvpx-vp9,24,24.0,3840x2160,False,280839.8000000119,278954.628,543.584,11.261154166666664,18.185132415185645,0.001736111111111111,576,1,backend_finished,
20260512_203757_b69437fc,Beauty_3840x2160_120fps_420_8bit_HEVC_RAW,libvpx-vp9,30,24.0,3840x2160,False,363858.6999999881,362316.109,621.824,11.10562975,11.505393749496884,0.06388888888888888,720,46,backend_finished,
20260512_204719_07c05801,Bosphorus_3840x2160_120fps_420_8bit_HEVC_RAW,libx264,60,24.0,3840x2160,False,158518,156410.526,371.358,4.934607416666666,18.074093479493733,0.1638888888888889,1440,236,backend_finished,
20260512_205025_f046a1fd,Beauty_3840x2160_120fps_420_8bit_HEVC_RAW,libvpx-vp9,60,24.0,3840x2160,False,603523.8999999762,602125.405,385.897,9.920316249999999,20.53430585242168,0.10320781032078104,1434,148,backend_finished,
20260512_210055_e99caf58,Bosphorus_3840x2160_120fps_420_8bit_HEVC_RAW,libvpx-vp9,24,24.0,3840x2160,False,406976.89999997616,405180.144,351.09,11.317394083333332,12.221431458881778,0.003472222222222222,576,2,backend_finished,
20260512_210812_d38cbb66,Bosphorus_3840x2160_120fps_420_8bit_HEVC_RAW,libvpx-vp9,30,24.0,3840x2160,False,574824.4000000358,567482.074,5609.262,11.54594253846154,14.794002324839743,0.019444444444444445,720,14,backend_finished,
20260512_211818_6ccc9286,Bosphorus_3840x2160_120fps_420_8bit_HEVC_RAW,libx265,30,24.0,3840x2160,False,286516.5,280046.561,1144.945,10.94087376923077,19.243326455753806,0.034722222222222224,720,25,backend_finished,
20260512_212335_96cf534b,game1,libvpx-vp9,24,34.166,1952x1048,False,286385.8000000119,284979.48,467.506,14.27371517647059,15.862389555447983,0.06090133982947625,821,50,backend_finished,
20260512_212902_3ba0be73,HoneyBee_3840x2160_120fps_420_8bit_HEVC_RAW,libx264,24,24.0,3840x2160,False,82656.89999997616,80634.577,412.165,8.576658846153844,17.81814334439023,0.03993055555555555,576,23,backend_finished,
20260512_213057_669142e7,HoneyBee_3840x2160_120fps_420_8bit_HEVC_RAW,libx264,30,24.0,3840x2160,False,97702.89999997616,94435.556,517.626,8.634757571428569,18.46801328253309,0.027777777777777776,720,20,backend_finished,
20260512_213307_cb78942d,HoneyBee_3840x2160_120fps_420_8bit_HEVC_RAW,libx264,60,24.0,3840x2160,False,109649,107675.122,320.245,8.340487692307692,19.475372293035132,0.2,1440,288,backend_finished,
20260512_213528_794d3ac5,game1,libx265,60,34.166,1952x1048,False,59934,58470.805,526.105,15.481625999999999,14.926907623316733,0.18372319688109162,2052,377,backend_finished,
20260512_213709_858c241b,game1,libvpx-vp9,60,34.166,1952x1048,False,499064,497912.717,414.973,13.145962117647061,13.064772347369699,0.3619512195121951,2050,742,backend_finished,
20260512_214607_fdb5ed55,HoneyBee_3840x2160_120fps_420_8bit_HEVC_RAW,libx265,24,24.0,3840x2160,False,96588.29999995232,95009.647,490.454,11.341661384615382,16.553678197188898,0.02768166089965398,578,16,backend_finished,
20260512_214816_af7420fd,HoneyBee_3840x2160_120fps_420_8bit_HEVC_RAW,libvpx-vp9,30,24.0,3840x2160,False,394484.89999997616,392934.871,563.299,11.004428666666668,15.537291710390894,0.005555555555555556,720,4,backend_finished,
20260512_215520_19221f52,HoneyBee_3840x2160_120fps_420_8bit_HEVC_RAW,libx265,30,24.0,3840x2160,False,107582.80000001192,105964.196,386.913,11.342915083333336,18.445033724384693,0.02361111111111111,720,17,backend_finished,
20260512_215737_c1ddf0f0,Bosphorus_3840x2160_120fps_420_8bit_HEVC_RAW,libx265,60,24.0,3840x2160,False,226705.5,225386.152,437.355,10.163987416666664,18.595851375235284,0.011805555555555555,1440,17,backend_finished,
20260512_220154_d6e809bd,HoneyBee_3840x2160_120fps_420_8bit_HEVC_RAW,libvpx-vp9,60,24.0,3840x2160,False,779261.0999999642,777510.61,556.67,10.447073500000004,16.29882044583087,0.015341701534170154,1434,22,backend_finished,
20260512_221522_a30d8019,HoneyBee_3840x2160_120fps_420_8bit_HEVC_RAW,libx265,60,24.0,3840x2160,False,170563.39999997616,169324.269,464.257,11.154132416666664,15.031681914129967,0.03680555555555556,1440,53,backend_finished,
20260512_221842_cd89516b,Jockey_3840x2160_120fps_420_8bit_HEVC_RAW,libvpx-vp9,60,24.0,3840x2160,False,527124,525522.806,586.501,9.638243833333332,15.179435515597795,0.1589958158995816,1434,228,backend_finished,
20260512_222756_a127dcb8,Jockey_3840x2160_120fps_420_8bit_HEVC_RAW,libx265,24,24.0,3840x2160,False,213285.90000003576,212170.981,450.955,10.3431725,21.593040442162053,0.01730103806228374,578,10,backend_finished,
20260512_223157_a24ecf8f,Jockey_3840x2160_120fps_420_8bit_HEVC_RAW,libx265,30,24.0,3840x2160,False,232291.5,231085.188,427.386,9.781248916666666,16.549697155499874,0.030555555555555555,720,22,backend_finished,
20260512_223616_7e54e759,ReadySetGo_3840x2160_120fps_420_8bit_HEVC_RAW,libvpx-vp9,24,24.0,3840x2160,False,378355.2999999523,376990.28,553.127,10.79183175,11.434867983837893,0.017361111111111112,576,10,backend_finished,
20260512_224302_486e8b9b,ReadySetGo_3840x2160_120fps_420_8bit_HEVC_RAW,libvpx-vp9,60,24.0,3840x2160,False,918353.4999999404,917203.745,424.103,9.727956166666669,19.033944169286354,0.10390516039051603,1434,149,backend_finished,
20260512_225847_cfda9a09,Jockey_3840x2160_120fps_420_8bit_HEVC_RAW,libx265,60,24.0,3840x2160,False,445439.7000000477,443688.622,597.743,9.277607333333334,11.420145799984041,0.15902777777777777,1440,229,backend_finished,
20260512_230640_1f1a6548,ReadySetGo_3840x2160_120fps_420_8bit_HEVC_RAW,libx265,30,24.0,3840x2160,False,274783.90000009537,272882.526,480.947,8.843249166666666,17.872684727048338,0.02361111111111111,720,17,backend_finished,
20260512_231142_29d6f5c7,nature,libx265,24,60.458,1080x1920,False,154278.79999995232,152711.098,762.806,21.1881995,9.578703806705908,0.014472777394900068,1451,21,backend_finished,
20260512_231520_86a5b249,nature,libx265,30,60.458,1080x1920,False,192692.5,191289.944,808.457,21.352743266666664,15.211175604151274,0.03530060672917816,1813,64,backend_finished,
20260512_231937_6f1f5b9d,nature,libvpx-vp9,24,60.458,1080x1920,False,531131.3000000715,530035.48,496.193,21.505684799999997,7.907911942463262,0.012422360248447204,1449,18,backend_finished,
20260512_232932_774b368c,ReadySetGo_3840x2160_120fps_420_8bit_HEVC_RAW,libx265,60,24.0,3840x2160,False,376866.5,374014.671,612.336,8.416268999999998,16.165411214659528,0.15625,1440,225,backend_finished,
20260512_233616_27bf5e1f,sea,libx264,60,35.519,2560x1440,False,163016.5,159746.783,614.613,0.8321904499999994,19.143457945722417,0.15406294034758103,2129,328,backend_finished,
20260512_233940_4811ed49,sea,libx265,24,35.519,2560x1440,False,197970.70000004768,196161.412,486.749,7.5790841111111105,19.604159091771994,0.040983606557377046,854,35,backend_finished,
20260512_234337_bf8174e0,nature,libvpx-vp9,60,60.458,1080x1920,False,1050134.1999999285,1048717.264,751.48,21.623703633333335,14.937353955564694,0.1498065229408513,3618,542,backend_finished,
20260513_000211_a8beb4dd,sea,libx265,60,35.519,2560x1440,False,203500.79999995232,201565.568,489.7,7.073382055555557,19.78277616001969,0.15438761145002347,2131,329,backend_finished,
20260513_000613_7a64a265,sea,libvpx-vp9,24,35.519,2560x1440,False,444718.40000009537,443597.384,468.756,16.20806723529412,15.955521282897397,0.025821596244131457,852,22,backend_finished,
20260513_001416_539d874c,sea,libvpx-vp9,30,35.519,2560x1440,False,634161,632386.003,708.199,15.035573,10.328573559200459,0.028169014084507043,1065,30,backend_finished,
20260513_002529_27b559a3,ShakeNDry_3840x2160_120fps_420_8bit_HEVC_RAW,libx264,60,12.0,3840x2160,False,108020.79999995232,104876.123,392.625,1.316157285714286,16.277848821404913,0.15694444444444444,720,113,backend_finished,
20260513_002734_1495e035,sea,libvpx-vp9,60,35.519,2560x1440,False,1185471.2000000477,1183855.609,638.933,14.957407500000004,17.014747771925208,0.15539906103286386,2130,331,backend_finished,
20260513_004758_0c80427a,ShakeNDry_3840x2160_120fps_420_8bit_HEVC_RAW,libx265,24,12.0,3840x2160,False,131043,129304.461,422.92,4.542547333333334,18.82446042245698,0.034482758620689655,290,10,backend_finished,
20260513_005024_6f45f2c0,ShakeNDry_3840x2160_120fps_420_8bit_HEVC_RAW,libvpx-vp9,24,12.0,3840x2160,False,225944.60000002384,224495.442,515.129,5.511711833333333,9.887923982972866,0.03125,288,9,backend_finished,
20260513_005425_302bd77b,ShakeNDry_3840x2160_120fps_420_8bit_HEVC_RAW,libvpx-vp9,30,12.0,3840x2160,False,258105.70000004768,257059.816,414.575,5.1947280000000005,10.823151480370683,0.08888888888888889,360,32,backend_finished,
20260513_005858_47713e5e,ShakeNDry_3840x2160_120fps_420_8bit_HEVC_RAW,libx265,60,12.0,3840x2160,False,190364.09999990463,187915.859,418.144,4.2442651666666675,15.246250641103614,0.1597222222222222,720,115,backend_finished,
20260513_010224_488b66e3,ShakeNDry_3840x2160_120fps_420_8bit_HEVC_RAW,libvpx-vp9,60,12.0,3840x2160,False,457627.7000000477,456123.11,538.705,4.738706166666667,14.17206485637113,0.10224089635854341,714,73,backend_finished,
20260513_011016_444df902,sport,libx264,60,72.447,1920x1080,False,165416,163146.786,813.556,15.407120388888892,15.772841325563057,0.14825046040515655,4344,644,backend_finished,
20260513_011417_dc5ec9f6,sport,libx265,24,72.447,1920x1080,False,153472.10000002384,151233.444,1341.356,21.062709916666666,15.030682189713847,0.02702702702702703,1739,47,backend_finished,
20260513_011806_12582d91,sport,libx265,30,72.447,1920x1080,False,226961.19999992847,222874.733,1538.97,20.477478138888888,14.620556485515243,0.03403863845446182,2174,74,backend_finished,
20260513_012309_3d25a42e,sport,libvpx-vp9,24,72.447,1920x1080,False,755122.3999999762,753633.184,744.033,22.803313611111108,11.381193044434461,0.017271157167530225,1737,30,backend_finished,
20260513_013700_3e7438c2,sport,libvpx-vp9,30,72.447,1920x1080,False,706030.7999999523,704691.765,485.937,0.6112518575624453,11.352032632968788,0,2256,0,backend_finished,
20260513_024446_7195b76f,street1,libx264,60,75.84,1920x1080,False,208393.89999997616,206104.61,685.38,19.89689836842106,15.625978838231047,0,4548,0,backend_finished,
20260513_024933_0c12cc25,street1,libx265,24,75.84,1920x1080,False,221154.90000009537,218368.301,1316.176,22.26014221052632,12.131604155467041,0,1821,0,backend_finished,
20260513_025433_9222786c,street1,libx265,30,75.84,1920x1080,False,219290.89999997616,217544.145,921.41,22.18146026315789,12.3465176835899,0,2275,0,backend_finished,
20260513_025932_7a6a5e51,sport,libvpx-vp9,60,72.447,1920x1080,False,1658284.6000000238,1656560.403,801.988,22.244280777777778,11.70813293203571,0.15444905486399263,4338,670,backend_finished,
20260513_032826_191bf29e,street1,libvpx-vp9,24,75.84,1920x1080,False,591087,589421.796,494.88,22.98373218421053,9.419933574123048,0.019241341396371632,1819,35,backend_finished,
20260513_033936_89edee2f,street2,libx264,24,68.522,3626x1994,False,288172.10000002384,283281.422,1130.564,-0.5232842826086948,15.301189979070287,0.6995734308348568,1641,1148,backend_finished,
20260513_034559_5d36fbf9,street2,libx264,30,68.522,3626x1994,False,314419.90000009537,306911.166,1827.855,-0.5978852156862737,14.311162147107076,0.7165124208475402,2053,1471,backend_finished,
20260513_035254_d9db51be,street2,libx264,60,68.522,3626x1994,False,489437.6999999285,482591.135,1127.763,-0.638574745762711,11.927902547164354,0.7313395325458658,3979,2910,backend_finished,
